Daily automated update: Mon Oct 27 14:42:57 UTC 2025
Daily automated update: Tue Oct 28 07:37:35 UTC 2025
Daily automated update: Wed Oct 29 07:37:48 UTC 2025
Daily automated update: Thu Oct 30 07:36:10 UTC 2025
Daily automated update: Fri Oct 31 07:36:08 UTC 2025
Daily automated update: Sat Nov  1 07:34:02 UTC 2025
Daily automated update: Sun Nov  2 07:34:17 UTC 2025
Daily automated update: Mon Nov  3 07:37:43 UTC 2025
Daily automated update: Tue Nov  4 07:38:15 UTC 2025
Daily automated update: Wed Nov  5 07:37:23 UTC 2025
Daily automated update: Thu Nov  6 07:37:04 UTC 2025
Daily automated update: Fri Nov  7 07:36:46 UTC 2025
Daily automated update: Sat Nov  8 07:34:05 UTC 2025
Daily automated update: Sun Nov  9 07:34:20 UTC 2025
Daily automated update: Mon Nov 10 07:37:17 UTC 2025
Daily automated update: Tue Nov 11 07:38:18 UTC 2025
Daily automated update: Wed Nov 12 07:38:15 UTC 2025
Daily automated update: Thu Nov 13 07:38:16 UTC 2025
Daily automated update: Fri Nov 14 07:37:40 UTC 2025
